ME_rank10,model_name,term,estimate,std.error,statistic,p.value,stars,estimate_display
1,CAPM,(Intercept),0.012411817098026644,0.004117519971114524,3.0143914747466383,0.0038151050307842545,***,0.01241***
1,CAPM,R_Me,0.6732532580104019,0.09958401617094043,6.760655815032932,7.388435445623489e-9,***,0.67325***
2,CAPM,(Intercept),0.01064103236925344,0.003680752658660111,2.8909935972516694,0.005396183548683588,***,0.01064***
2,CAPM,R_Me,0.7138986441220302,0.08902060824298196,8.019476143922116,5.6812634302287265e-11,***,0.71390***
3,CAPM,(Intercept),0.012194887364062802,0.0031256441969841156,3.9015596771473398,2.511629740302984e-4,***,0.01219***
3,CAPM,R_Me,0.7761380826378305,0.07559506801197607,10.267046555403212,1.1582735274458269e-14,***,0.77614***
4,CAPM,(Intercept),0.009536952318154272,0.0028845445187155997,3.3062246938039244,0.001626206255429539,***,0.00954***
4,CAPM,R_Me,0.8508114664776627,0.06976396714836533,12.19557174362322,1.2013406814283874e-17,***,0.85081***
5,CAPM,(Intercept),0.007310074838066909,0.0023211674419834176,3.1493095697656837,0.002586535378512028,***,0.00731***
5,CAPM,R_Me,0.8951078852864273,0.056138446856244244,15.94464997541814,7.25961785975275e-23,***,0.89511***
6,CAPM,(Intercept),0.006752594494963115,0.00196723901378816,3.4325236779236943,0.0011092775353621967,***,0.00675***
6,CAPM,R_Me,0.9039426916539612,0.04757853347051467,18.99896078583742,1.399417891374223e-26,***,0.90394***
7,CAPM,(Intercept),0.0027910985204603897,0.001741194326826021,1.6029793328974442,0.11437177841703282,,0.00279
7,CAPM,R_Me,0.9430883128295582,0.042111544137200106,22.39500669357934,3.116559660154583e-30,***,0.94309***
8,CAPM,(Intercept),0.0016327865307470659,0.0017077039886818405,0.9561297166070317,0.34297510771509643,,0.00163
8,CAPM,R_Me,0.9474673742193355,0.04130156570389147,22.940228973693948,8.876126546285503e-31,***,0.94747***
9,CAPM,(Intercept),3.5035669676078667e-4,0.001446520412089712,0.24220653495974162,0.8094745283584066,,0.00035
9,CAPM,R_Me,1.0387878582183305,0.03498472700064305,29.692610098093283,9.017661525609883e-37,***,1.03879***
10,CAPM,(Intercept),-0.0010956740565056672,5.944483097998687e-4,-1.8431780163939648,0.07041466766463453,*,-0.00110*
10,CAPM,R_Me,1.0137516754860552,0.014376991614171776,70.51208644281142,6.528942510311649e-58,***,1.01375***
1,FF3,(Intercept),0.002216039914524335,0.0019246473901245878,1.1514004725722173,0.25445983974192066,,0.00222
1,FF3,HML,0.037313881635375384,0.0980609829573982,0.3805171079264635,0.7050011978178938,,0.03731
1,FF3,R_Me,0.9277555548780485,0.04200872052613114,22.08483246474852,2.552500749617169e-29,***,0.92776***
1,FF3,SMB,1.361008835453407,0.08127556671465475,16.745608680056172,1.8226414387171032e-23,***,1.36101***
2,FF3,(Intercept),0.0012669861174602352,0.0015740827570956228,0.8049043874910244,0.42427911476086577,,0.00127
2,FF3,HML,0.048744930701307164,0.08019967876146723,0.6077945878846484,0.5457807771463778,,0.04874
2,FF3,R_Me,0.9443358454910914,0.03435704792842678,27.48594254833386,3.3916548089155076e-34,***,0.94434***
2,FF3,SMB,1.2381780960215618,0.06647163984174338,18.62716338831769,1.1449568479650964e-25,***,1.23818***
3,FF3,(Intercept),0.0024754040841132884,0.0014255934877443128,1.7364024915897094,0.08799158170383997,*,0.00248*
3,FF3,HML,0.2682470227334696,0.07263413517882025,3.693126132404053,5.041862967104358e-4,***,0.26825***
3,FF3,R_Me,0.9614874128042991,0.03111601570126916,30.900081232607228,7.1829523609138616e-37,***,0.96149***
3,FF3,SMB,1.085677837652648,0.06020111487208049,18.034181592144456,5.433724175931647e-25,***,1.08568***
4,FF3,(Intercept),-8.885185244242955e-4,8.585593806874133e-4,-1.0348946670559875,0.30516659534041507,,-0.00089
4,FF3,HML,0.401821065348565,0.04374368896323022,9.185806567121604,9.044874878865758e-13,***,0.40182***
4,FF3,R_Me,1.021545315815627,0.018739526660024233,54.51286653866347,3.2219281931335313e-50,***,1.02155***
4,FF3,SMB,1.0607079798599917,0.036255939961571594,29.256115852581882,1.28721872996426e-35,***,1.06071***
5,FF3,(Intercept),-8.82199994398477e-4,9.178566067760769e-4,-0.9611523062378536,0.3406074660110737,,-0.00088
5,FF3,HML,0.31738954126489444,0.04676488874597329,6.786919626580389,7.780734122823483e-9,***,0.31739***
5,FF3,R_Me,1.0288657253658908,0.020033790020427215,51.356519376354655,8.525813450093157e-49,***,1.02887***
5,FF3,SMB,0.8320049064506243,0.03875999118658646,21.465559742917417,1.0637581449864548e-28,***,0.83200***
6,FF3,(Intercept),0.0012086827059208942,0.001315196077771446,0.9190133139455259,0.3620302593560608,,0.00121
6,FF3,HML,0.15817435293242757,0.06700937575876388,2.3604809198918795,0.021759006472023525,**,0.15817**
6,FF3,R_Me,1.008392376742811,0.028706403443899426,35.12778529408951,7.732562014489188e-40,***,1.00839***
6,FF3,SMB,0.614557840479706,0.05553916375032515,11.065305974761063,1.0274105083697732e-15,***,0.61456***
7,FF3,(Intercept),-0.0019157636324335964,0.001158807911002926,-1.6532193250005858,0.1038822419629339,,-0.00192
7,FF3,HML,0.11286935999606935,0.05904138253833618,1.9116991361572897,0.0610366880719246,*,0.11287*
7,FF3,R_Me,1.0370400300939857,0.025292964273128788,41.001126593759345,1.8492559793142545e-43,***,1.03704***
7,FF3,SMB,0.5412650034431121,0.04893507775161418,11.060879604411333,1.0434508138471485e-15,***,0.54127***
8,FF3,(Intercept),0.001187611122078106,0.0014388230228769448,0.8254045863844064,0.4126444021871257,,0.00119
8,FF3,HML,-0.2668613717849929,0.07330818135778883,-3.640267250425242,5.954298699430008e-4,***,-0.26686***
8,FF3,R_Me,1.0246578415517602,0.031404772928659994,32.62745582906786,3.99785861450026e-38,***,1.02466***
8,FF3,SMB,0.3037706343883417,0.060759782382188154,4.999534601318661,5.9999486536398615e-6,***,0.30377***
9,FF3,(Intercept),-0.0010787409428626592,0.0015850764248540505,-0.680560839810602,0.4989536905013213,,-0.00108
9,FF3,HML,-0.013148864105646517,0.08075980726720286,-0.1628144562324428,0.8712506388400972,,-0.01315
9,FF3,R_Me,1.0789835872861044,0.03459700352693827,31.187197655599718,4.400548899206622e-37,***,1.07898***
9,FF3,SMB,0.20749284392491663,0.06693588933592268,3.0998743123229238,0.003027810237116442,***,0.20749***
10,FF3,(Intercept),1.742943058196452e-4,4.238363865255104e-4,0.41123016182838884,0.6824733275287337,,0.00017
10,FF3,HML,-0.002830005948040189,0.021594507590875073,-0.13105211758734567,0.8962037555047493,,-0.00283
10,FF3,R_Me,0.981603944307617,0.009250953915876976,106.1084027910826,2.9777755838298897e-66,***,0.98160***
10,FF3,SMB,-0.17117918225371553,0.017898105744409854,-9.564094921451685,2.241552564243664e-13,***,-0.17118***
