relative_day,event_strength,events,AAR,CAAR,standard_deviation_AR,standard_deviation_CAR,standard_error_AAR,standard_error_CAAR,t_AAR,t_CAAR,p_AAR,p_CAAR,significance_AAR,significance_CAAR
-30,1,793,-3.3278909794266445e-4,-3.3278909794266445e-4,0.007997406425572387,0.007997406425572387,2.8399622916299013e-4,2.8399622916299013e-4,-1.1718081571839156,-1.1718081571839156,0.24162646925142836,0.24162646925142836,,
-29,1,793,3.4600534196445505e-4,1.321624402179061e-5,0.008118299450962612,0.011118763494427884,2.8828926636979585e-4,3.948388686706803e-4,1.2002019579897412,0.03347249997520827,0.2304197878081542,0.9733062290643144,,
-28,1,793,-3.0469256762574248e-5,-1.7253012740783687e-5,0.007676306087647555,0.013468831598903096,2.7259362182994e-4,4.7829223397834734e-4,-0.11177538402414555,-0.03607211557101039,0.9110298270634223,0.9712339459027541,,
-27,1,793,2.4230808037404786e-4,2.2505506763326416e-4,0.007951981873577395,0.015165277467094214,2.823831560250856e-4,5.385347931166283e-4,0.8580826271115206,0.417902558033098,0.3911064376071288,0.6761316369573089,,
-26,1,793,4.2018448736672e-4,6.452395549999842e-4,0.00824832353992034,0.017335884411255467,2.929065571512513e-4,6.156153057645368e-4,1.4345342468715878,1.0481213656613961,0.15181459055699015,0.2949024339766243,,
-25,1,793,2.0818460792498787e-4,8.534241629249721e-4,0.008076410806517099,0.01924759091640215,2.868017569906007e-4,6.835019942529436e-4,0.7258833073739178,1.2486052273450212,0.46812475306953705,0.21217845178130262,,
-24,1,793,5.336551558187117e-4,0.0013870793187436838,0.008057598244275165,0.02094925480908264,2.861337033175349e-4,7.439298508739089e-4,1.8650552159054525,1.8645297229493543,0.06254327871244952,0.06261706107888705,*,*
-23,1,793,-2.8459779889261135e-5,0.0013586195388544226,0.00816279088302541,0.02281698264001516,2.8986920344733304e-4,8.102548108498729e-4,-0.09818145408617737,1.6767805888487997,0.9218130509065637,0.09398000967800815,,*
-22,1,793,-1.423801831296608e-4,0.001216239355724762,0.007974689161226591,0.02479137555220739,2.831895154525958e-4,8.803675589222702e-4,-0.5027734974654963,1.381513145729336,0.6152633029103936,0.16751083343692552,,
-21,1,793,-1.915466508744187e-4,0.0010246927048503432,0.008309529480738917,0.026729658116355588,2.9508004383804363e-4,9.491979909371171e-4,-0.6491345479789551,1.0795352651754901,0.516439604203627,0.2806778238309215,,
-20,1,793,1.928019863486237e-4,0.0012174946911989667,0.008061340541901553,0.028454656221292382,2.86266596202771e-4,0.001010454469731152,0.6735050086390674,1.2048981202714668,0.500822554199884,0.22860254040115183,,
-19,1,793,5.603231521334864e-4,0.0017778178433324532,0.008053960303185653,0.029191188092278202,2.8600451624158054e-4,0.001036609483355255,1.9591409237055406,1.7150314287865527,0.05044675772411544,0.08673062647419558,*,*
-18,1,793,6.854447601142135e-4,0.0024632626034466667,0.008011414431624661,0.030059399930982608,2.844936680432023e-4,0.0010674405897397315,2.4093497926643632,2.3076343799585803,0.016208176254002817,0.021276435098826763,**,**
-17,1,793,2.4445259394737136e-4,0.002707715197394038,0.00816129087824849,0.031651742051761175,2.898159367158825e-4,0.0011239863164133818,0.8434753337495635,2.409028613474854,0.39921732752538985,0.016222340591551587,,**
-16,1,793,3.8834787797369005e-4,0.003096063075367728,0.008044410082826487,0.032562433735443215,2.8566537797282805e-4,0.001156325926323514,1.3594502796577224,2.677500352527354,0.17439087124576638,0.007570942184246376,,***
-15,1,793,6.24978691810285e-5,0.0031585609445487564,0.008384356326159735,0.03381230678205361,2.9773722302950303e-4,0.0012007102195907408,0.20990949181666657,2.6305772142302115,0.8337922990387444,0.008689602975844597,,***
-14,1,793,1.8732417011632603e-4,0.0033458851146650824,0.007894514632247912,0.03503038221348199,2.8034243444992763e-4,0.0012439653464348143,0.6681977007294065,2.6896931849864933,0.504202082589059,0.007302285203863009,,***
-13,1,793,-2.0296527593982774e-5,0.0033255885870711,0.008322804971238367,0.036529792378796444,2.9555147032827146e-4,0.0012972109626081206,-0.06867341100160744,2.563645145570466,0.9452669169756405,0.010541435750714883,,**
-12,1,793,6.669456920396027e-4,0.003992534279110702,0.008284376509332936,0.037643928423094546,2.9418683563385616e-4,0.0013367750935923209,2.267082041936373,2.986691103274186,0.023654009352199763,0.002907109867677437,**,***
-11,1,793,1.9160150496820128e-5,0.004011694429607523,0.008193166082977595,0.03872142620431029,2.909478584246403e-4,0.0013750381617062886,0.06585424137700908,2.91751497618757,0.9475104906434875,0.0036281436895318803,,***
-10,1,793,7.436722706843904e-5,0.004086061656675961,0.007939636836878811,0.04052340739306738,2.819447709181257e-4,0.0014390283899624486,0.2637652290066222,2.8394586828009607,0.7920294416304914,0.004634780401799024,,***
-9,1,793,-1.8506805922819807e-4,0.0039009935974477637,0.0077511503115665365,0.041399932308201465,2.7525141814996383e-4,0.001470154702346613,-0.67236005711465,2.6534578920307674,0.5015506046505214,0.008126848041299239,,***
-8,1,793,3.867553280416679e-4,0.004287748925489432,0.008207460444054198,0.04220485670850696,2.914554660699225e-4,0.0014987384058979404,1.326979154849277,2.8609054846502775,0.184898010785349,0.004335561264907629,,***
-7,1,793,1.662653447736658e-4,0.0044540142702630976,0.007976409794732364,0.04327010712797538,2.832506169399291e-4,0.0015365665574441677,0.5869902299592408,2.8986796886114954,0.5573775518816988,0.0038509002916070705,,***
-6,1,793,3.3836523359296493e-4,0.004792379503856062,0.008019035717597243,0.04442134084219795,2.847643078434587e-4,0.0015774480653139033,1.1882290872596712,3.0380585004568155,0.23509935310535637,0.0024592763377894,,***
-5,1,793,1.713471751303111e-4,0.004963726678986373,0.008000493446038233,0.04535151440155013,2.841058524739733e-4,0.0016104794969138336,0.6031103324279744,3.0821421126430835,0.5466079582920014,0.002126363853565648,,***
-4,1,793,2.261858662276195e-5,0.004986345265609135,0.008160381862085111,0.04635290210408882,2.897836566054429e-4,0.001646039816887296,0.07805335500186075,3.0292980852908182,0.9378053260570878,0.0025308744825052595,,***
-3,1,793,4.2298379090526515e-4,0.005409329056514401,0.008218258717663416,0.04763417624518679,2.918389240090716e-4,0.001691539195714955,1.4493741448009072,3.1978739069230167,0.14762895880613663,0.0014394690820923497,,***
-2,1,793,2.3661615433225963e-4,0.00564594521084666,0.00834264906600803,0.04917669974091036,2.962561547954403e-4,0.001746315811141181,0.7986877251398843,3.2330608099786673,0.42471094009501975,0.0012754232190837083,,***
-1,1,793,-5.460466818959746e-5,0.005591340542657063,0.008084861315648752,0.05016950013915292,2.871018433686323e-4,0.0017815711869978883,-0.19019267709642076,3.138432291374776,0.8492068858726635,0.0017614801302356466,,***
0,1,793,0.006763312964783518,0.012354653507440581,0.007838814327994341,0.0508722958194913,2.783644586500903e-4,0.0018065281933655939,24.29661098827684,6.838893272085416,7.07910880952391e-98,1.59571244891812e-11,***,***
1,1,793,3.436733455885893e-5,0.01238902084199944,0.008292124525704011,0.05235522746552235,2.944619757625162e-4,0.001859188640161524,0.11671230035682505,6.663670686436153,0.907117630935223,4.999941350648281e-11,,***
2,1,793,2.2646713210431132e-4,0.01261548797410375,0.00790198168932172,0.05338676949040146,2.806075974214037e-4,0.0018958197715183197,0.8070598735935625,6.654370928941356,0.4198742838064159,5.308640979858778e-11,,***
3,1,793,-7.804215345504085e-5,0.01253744582064871,0.007925665815618588,0.05441975276517253,2.814486454063883e-4,0.0019325020831594244,-0.2772873656661396,6.487675190575417,0.7816318181323283,1.5349170866739127e-10,,***
4,1,793,5.163421842050905e-4,0.0130537880048538,0.007928324223348304,0.055540596367462336,2.81543048232835e-4,0.001972304406511896,1.833972415394457,6.618546286138446,0.06703314125883553,6.682238597353958e-11,*,***
5,1,793,4.029735992066867e-5,0.01309408536477447,0.00793361422042896,0.05664552207287438,2.8173090153717445e-4,0.0020115414687723425,0.14303493049856808,6.50947821262958,0.886298975741682,1.3376546221644318e-10,,***
6,1,793,-3.239336487408911e-5,0.01306169199990038,0.008471208791833437,0.057701706636411935,3.0082144451735543e-4,0.002049047682334992,-0.10768303079609814,6.374518325027913,0.9142744030068791,3.1144143995483704e-10,,***
7,1,793,-3.5253437874916565e-5,0.013026438562025464,0.007981952419170579,0.0588368016572115,2.8344744130477396e-4,0.002089356088397485,-0.12437380881844218,6.23466657232976,0.9010508687592143,7.357627724577166e-10,,***
8,1,793,3.6030664896744577e-4,0.01338674521099291,0.008470357885117788,0.05976305833644457,3.007912279339089e-4,0.002122248427506085,1.1978628879649835,6.307812524438554,0.2313287534224132,4.702712615214065e-10,,***
9,1,793,-2.5015789345122374e-4,0.013136587317541686,0.00837293744222676,0.061358317526579914,2.973317265715707e-4,0.0021788977423498807,-0.8413427532127428,6.029005887800058,0.40040989707360086,2.52818468752972e-9,,***
10,1,793,2.3892182066893096e-4,0.013375509138210617,0.008008138825969319,0.062405783827970684,2.843773478757831e-4,0.002216094361346144,0.8401577075445994,6.035622567121104,0.4010735177152823,2.431104066773814e-9,,***
11,1,793,6.524933863781153e-4,0.014028002524588731,0.007949565575038455,0.06317174992807603,2.822973507480902e-4,0.0022432946150935367,2.3113691455091687,6.253303703492293,0.021068334682942794,6.5674049520778165e-10,**,***
12,1,793,-2.1331538515315132e-4,0.01381468713943558,0.008083926692357362,0.0638432110971524,2.870686539224146e-4,0.0022671389003404772,-0.7430814275208312,6.0934454158767695,0.45765273652117955,1.7238939889617013e-9,,***
13,1,793,-6.678177748942669e-5,0.013747905361946155,0.00799836529564058,0.06384114367420339,2.8403027963749816e-4,0.0022670654839989333,-0.23512203549093028,6.064185379284185,0.8141747934423335,2.0521575385238026e-9,,***
14,1,793,-1.8751346212340746e-4,0.013560391899822747,0.008177759205137764,0.06511824995419474,2.904007441507307e-4,0.002312416857739072,-0.6457058595761717,5.864164090674032,0.5186568924442894,6.625994464249655e-9,,***
15,1,793,1.0961595868764826e-4,0.013670007858510394,0.007699287954439065,0.06592594204814824,2.734097318486887e-4,0.002341098844973594,0.4009219348063012,5.839141686759742,0.6885857350912901,7.654046977521346e-9,,***
16,1,793,-1.0110243578838481e-4,0.01356890542272201,0.008197220431253895,0.0670443416151985,2.9109183255336544e-4,0.002380814378089952,-0.3473214445817536,5.699270614119817,0.7284421158906582,1.69730176928245e-8,,***
17,1,793,-8.50587931194851e-5,0.013483846629602525,0.007924278136393145,0.06814677028609352,2.8139936747222533e-4,0.002419962768054758,-0.3022707331702889,5.571923174851679,0.7625250481958616,3.454005838309818e-8,,***
18,1,793,3.956457785288257e-4,0.01387949240813135,0.008511223474972143,0.06921614279095668,3.02242407579356e-4,0.002457937299145315,1.3090346311675205,5.6468049095302755,0.19090229037231934,2.278332245686153e-8,,***
19,1,793,-1.4388205681280444e-5,0.01386510420245007,0.007976212024409662,0.07034421840671189,2.832435939098492e-4,0.0024979964388259983,-0.05079799151913007,5.550489979467847,0.9594992996498297,3.887408660984783e-8,,***
20,1,793,3.369455778718865e-4,0.014202049780321956,0.00789938047293213,0.07123052322827286,2.805152255189931e-4,0.0025294700458703316,1.2011668074290416,5.614634497652397,0.230045588140208,2.7258876177964368e-8,,***
21,1,793,-2.27351043290696e-6,0.01419977626988905,0.008252002073193229,0.07246761114699349,2.930371856979025e-4,0.002573400325934172,-0.0077584366212510815,5.517904123500248,0.9938116790765678,4.649228217484009e-8,,***
22,1,793,1.7866567432817573e-4,0.014378441944217226,0.007803555148534359,0.0733534796189315,2.77112368475206e-4,0.002604858437749062,0.6447408872843633,5.519855411659943,0.5192818149740518,4.599790318783927e-8,,***
23,1,793,-3.431391990462458e-4,0.01403530274517098,0.007849550013397155,0.07436420150538095,2.7874569401686254e-4,0.002640750224312054,-1.2310116583378965,5.314892190846008,0.2186839408240135,1.3886976658731954e-7,,***
24,1,793,-1.1569231177729275e-4,0.013919610433393686,0.008277002988360035,0.0753482920465844,2.939249942267142e-4,0.0026756963040765,-0.39361168342170794,5.2022385396230355,0.6939736935850359,2.5096734416934225e-7,,***
25,1,793,-3.32384433738715e-4,0.013587225999654971,0.008372801930652568,0.07571751054684298,2.9732691441447496e-4,0.002688807637455202,-1.1179090005803165,5.0532532749402925,0.2639448381738734,5.396802941103453e-7,,***
26,1,793,2.6321994835075066e-4,0.013850445948005722,0.007828801543848407,0.07659964972319667,2.78008894259643e-4,0.0027201333181009076,0.9468040547829366,5.091826145372746,0.34402741227126055,4.434593057752889e-7,,***
27,1,793,3.706290708763746e-4,0.014221075018882097,0.008164897461023082,0.07738845695476451,2.8994401022542347e-4,0.002748144684208981,1.278278073715752,5.174791233007973,0.20152587914013334,2.8940692194346045e-7,,***
28,1,793,1.4364302784106547e-5,0.014235439321666203,0.00801957655558781,0.07837899909275195,2.847835135636304e-4,0.0027833198668927024,0.050439376227785285,5.114553843054569,0.9597849762625987,3.947657320798161e-7,,***
29,1,793,-8.290292402453293e-5,0.014152536397641672,0.008062919086894127,0.07886667030190252,2.863226519790564e-4,0.002800637579298472,-0.2895437138888928,5.05332660757438,0.772241112854272,5.394795191887201e-7,,***
30,1,793,6.722846343083415e-5,0.014219764861072506,0.007920021167737799,0.07982279976929897,2.8124819808286955e-4,0.002834590732218642,0.23903606810318245,5.016514271159934,0.8111394552012113,6.4988882458535e-7,,***
-30,2,793,3.636104247016781e-5,3.636104247016781e-5,0.007842801539852586,0.007842801539852586,2.7850604869470715e-4,2.7850604869470715e-4,0.130557460567135,0.130557460567135,0.8961585493949935,0.8961585493949935,,
-29,2,793,2.445787369893288e-5,6.0818916169100674e-5,0.007960221026571571,0.010974718567765308,2.82675736926609e-4,3.897236833436693e-4,0.08652272021946782,0.1560565055921142,0.9310727647023755,0.876028249268618,,
-28,2,793,2.1940564085228648e-4,2.8022455702138716e-4,0.0077910409779661655,0.013431012430674441,2.766679772484321e-4,4.769492359367979e-4,0.7930286802049111,0.587535393512027,0.4279986109394135,0.5570116519522003,,
-27,2,793,-1.60400950687289e-5,0.00026418446195265825,0.008204879043396516,0.015626070849834976,2.913637978447843e-4,5.548980459210859e-4,-0.05505177783711413,0.47609549879407737,0.9561110975210816,0.6341376459504838,,
-26,2,793,5.967727046221357e-4,8.60957166574794e-4,0.008045536682973748,0.017458873718013395,2.857053847170862e-4,6.199827841053817e-4,2.0887695386388234,1.3886791514979433,0.037047210236658086,0.165320731817631,**,
-25,2,793,1.7410473792900017e-4,0.0010350619045037942,0.007678217100752829,0.019261707492128785,2.7266148389507695e-4,6.840032885553364e-4,0.6385380708776511,1.5132411229921403,0.5233080774746999,0.13061735057423707,,
-24,2,793,-1.1810121582469765e-4,9.169606886790966e-4,0.007882080882366783,0.021190564029021457,2.7990089904548636e-4,7.524989925278523e-4,-0.42193939436223515,1.218554041645653,0.673183759454683,0.22337634576417645,,
-23,2,793,3.081122198617766e-4,0.0012250729085408732,0.008408530792448547,0.022815931881418876,2.985956834981491e-4,8.102174973180571e-4,1.0318709776783712,1.5120296865916256,0.30244755594758954,0.13092520564979326,,
-22,2,793,3.488356506679959e-4,0.0015739085592088688,0.008199819744481425,0.02459062412066258,2.9118413687250963e-4,8.732386665634306e-4,1.197989885076494,1.8023807459223895,0.2312793367613233,0.07186560429834249,,*
-21,2,793,2.312007103056981e-5,0.0015970286302394389,0.007843217295662938,0.026410721694173113,2.7852081261642243e-4,9.378722265051719e-4,0.08301020959037149,1.702821114759423,0.933864396626638,0.08899391009879382,,*
-20,2,793,1.9500724509126385e-4,0.0017920358753307027,0.008071816312409403,0.027652037600183834,2.866386017209966e-4,9.81952646799912e-4,0.6803244361381467,1.82497178572793,0.4964978759115106,0.06838182474654024,,*
-19,2,793,-1.6559082839453075e-4,0.001626445046936172,0.007933924502548729,0.029035881306247673,2.817419199783167e-4,0.0010310943776761115,-0.5877394049393675,1.5773968728273609,0.5568747548157307,0.11510354505175585,,
-18,2,793,2.890661997573949e-4,0.0019155112466935668,0.008123820284101151,0.029830530854636123,2.884853169028999e-4,0.0010593132105375714,1.002013561247176,1.8082576783135738,0.31664307953618076,0.07094559095437743,,*
-17,2,793,-4.8508568906836016e-4,0.0014304255576252066,0.007844375233145722,0.03120804454149189,2.785619321820938e-4,0.001108230155840804,-1.7413926061916578,1.2907296828969212,0.08200305756698544,0.1971740791802326,*,
-16,2,793,1.614315530967783e-4,0.0015918571107219849,0.00810744300361671,0.03228256436008333,2.879037426206859e-4,0.001146387473401294,0.5607136316719052,1.3885855765668802,0.5751513579670436,0.16534919073417523,,
-15,2,793,-6.2989507117847e-5,0.001528867603604138,0.007731941232595934,0.03390073694804672,2.745692837550053e-4,0.001203850466859655,-0.22941206771712944,1.2699813188529283,0.8186078883032617,0.2044642724383988,,
-14,2,793,1.3105501952014162e-4,0.0016599226231242795,0.008210358984243792,0.03557097549819609,2.915583962500481e-4,0.0012631623768469148,0.44949835506621943,1.3141007471009,0.6531951786798603,0.18919277281551558,,
-13,2,793,4.185338187858981e-4,0.0020784564419101775,0.008271426572159369,0.03709663872600285,2.9372696988120027e-4,0.0013173402666043113,1.4249076921849455,1.5777673351379322,0.15457781769024273,0.11501837546437313,,
-12,2,793,7.365008009410542e-5,0.002152106522004283,0.008321992534121199,0.0378442453949156,2.95522619840322e-4,0.0013438885578340057,0.24921977253010388,1.6014025191738457,0.8032554027866547,0.10968655226259684,,
-11,2,793,1.8116808930132013e-4,0.002333274611305603,0.007894909152240557,0.03911143935449997,2.8035644426564516e-4,0.0013888879347556708,0.6462062599483483,1.6799588742313225,0.518332983163866,0.09335967939885904,,*
-10,2,793,1.6724637427696336e-4,0.0025005209855825665,0.008370148696678044,0.04012918985346477,2.9723269531346206e-4,0.0014250293146673549,0.5626782548285446,1.7547154713559447,0.5738132262029857,0.07969465014919357,,*
-9,2,793,3.607520039324282e-4,0.002861272989514995,0.007914776142741494,0.04141134206147514,2.8106194178407085e-4,0.0014705598745653266,1.28353202729091,1.9457031563306733,0.1996811553895844,0.05204384051073874,,*
-8,2,793,6.052134925266451e-4,0.0034664864820416396,0.008033343167787947,0.042537836470288415,2.852723802968111e-4,0.0015105628639411309,2.121528526164895,2.2948309963065094,0.034187321003811555,0.02200351170405732,**,**
-7,2,793,-2.4985467443428423e-4,0.0032166318076073557,0.008117027380453156,0.04337357064748838,2.8824409382151073e-4,0.0015402406547494728,-0.8668162844960203,2.088395600835868,0.386305208023342,0.03708099912860075,,**
-6,2,793,-4.155490459798017e-5,0.003175076903009376,0.008347614488773532,0.04468210582331182,2.9643248212789816e-4,0.0015867081013047337,-0.14018337093048722,2.001046632583865,0.8885507525821775,0.04572817127899187,,**
-5,2,793,-6.338944665424954e-4,0.0025411824364668803,0.008071307588560573,0.04513500960041218,2.8662053640743563e-4,0.0016027911859981534,-2.2116156591145457,1.5854731787062672,0.027278041977862332,0.11325803245296838,**,
-4,2,793,1.1871025377877503e-4,0.0026598926902456554,0.008053853261940507,0.04621461470520676,2.860007150955128e-4,0.001641129087366575,0.4150697795952382,1.6207699386486603,0.6782032351029852,0.10546502592225757,,
-3,2,793,1.3742667684650702e-4,0.002797319367092162,0.007978538994120862,0.04720642500393724,2.8332622702716137e-4,0.0016763493037587056,0.48504749556182974,1.668697186690161,0.6277767858488208,0.09557263722370656,,*
-2,2,793,2.5313022601005476e-4,0.003050449593102217,0.008271328362186664,0.04881555200534235,2.937234823428122e-4,0.0017334910790200138,0.8617977152899883,1.7597146186796144,0.38905968880959785,0.0788422366800324,,*
-1,2,793,3.196289906591554e-4,0.0033700785837613725,0.00832483079618807,0.04984474087634042,2.956234094815475e-4,0.001770038647432363,1.0812032484832916,1.9039576275071985,0.27993581732693457,0.05727786642344251,,*
0,2,793,0.0031225524809621336,0.006492631064723506,0.00842541235011985,0.051447125750928746,2.991951651883278e-4,0.0018269410027504278,10.436507150764449,3.553826344117825,5.579993412002954e-24,4.0215755766241813e-4,***,***
1,2,793,1.0400367562882012e-4,0.006596634740352326,0.007910140598141074,0.05253928462920733,2.8089732876872796e-4,0.0018657247016863987,0.37025512519006465,3.5356956652767333,0.7112913996274941,4.3032563876587105e-4,,***
2,2,793,-1.5911189654815233e-5,0.006580723550697511,0.008111513994315648,0.05391738421680978,2.880483077391672e-4,0.0019146624529351925,-0.05523792095742181,3.437014989566025,0.9559628495373683,6.188353451376322e-4,,***
3,2,793,-7.452702150376394e-4,0.005835453335659871,0.00798216132482003,0.055108736259090824,2.8345485976190093e-4,0.001956968604405946,-2.6292377405829574,2.9818839824623917,0.008723603772601793,0.0029526242111621343,***,***
4,2,793,2.2308258287255498e-4,0.006058535918532427,0.008465446579312929,0.056227796808117056,3.0061682235107067e-4,0.001996707609680493,0.7420828319848031,3.0342629482450336,0.4582571609366546,0.0024900659727471255,,***
5,2,793,2.767830686850186e-4,0.006335318987217445,0.008479066422797615,0.0569874163307841,3.011004771743485e-4,0.002023682489854923,0.9192382266626261,3.1305894175482156,0.35825085351666197,0.0018086027828414606,,***
6,2,793,1.9643105506643545e-6,0.00633728329776811,0.007635439406851978,0.05797265749675186,2.7114240344403424e-4,0.002058669429502793,0.00724457158199456,3.0783394395178254,0.9942215431061332,0.002153358867242824,,***
7,2,793,3.8994559058323753e-4,0.0067272288883513465,0.008356079679564553,0.05964237961034875,2.967330898669407e-4,0.002117963000290355,1.314129107603384,3.1762730923198847,0.18918323473424706,0.0015496093429178733,,***
8,2,793,1.8067234061592074e-4,0.006907901228967267,0.007614678730624516,0.06028487569854366,2.7040517021494385e-4,0.0021407787053564216,0.6681541646274926,3.226817051049263,0.504229854777219,0.001303208492578626,,***
9,2,793,1.7950331962618247e-4,0.0070874045485934505,0.008113251761966821,0.0613922012455123,2.881100176778439e-4,0.0021801009884892847,0.6230374114477956,3.2509524035878328,0.5334392977932277,0.0011988096632149761,,***
10,2,793,3.795094516660164e-6,0.007091199643110111,0.007612136291686796,0.06251432461435949,2.7031488556104893e-4,0.002219948757684717,0.014039532113754296,3.194307804881874,0.9888019778245358,0.0014571392400181116,,***
11,2,793,3.5759927960216656e-4,0.007448798922712277,0.007940143662170092,0.06369997672720579,2.8196276881193135e-4,0.002262052498726411,1.2682499931070141,3.2929381289364974,0.2050813597290926,0.0010354420190961681,,***
12,2,793,-1.9272721707713075e-4,0.007256071705635146,0.008221856586064483,0.06452994143291009,2.919666880621352e-4,0.002291525409594702,-0.6601000215343584,3.166481015333151,0.5093815649193858,0.0016020558800488912,,***
13,2,793,4.632728875921725e-4,0.007719344593227318,0.007725908362014757,0.06536854509856671,2.7435505023917393e-4,0.0023213050989258836,1.6885888821376025,3.325433006113337,0.09169188623464103,9.23448011521508e-4,*,***
14,2,793,5.335058291327141e-4,0.008252850422360033,0.007952408061249935,0.06646579107559428,2.8239829039308897e-4,0.002360269446035176,1.8891963842631334,3.4965713072392317,0.059230590633780916,4.975145400518643e-4,*,***
15,2,793,-4.5327502149265526e-4,0.007799575400867377,0.007968437400499958,0.06760218933708112,2.829675089197884e-4,0.0024006241315314234,-1.6018624301532203,3.2489781713107315,0.10958477685651596,0.0012070494407635673,,***
16,2,793,-2.811511377450571e-4,0.00751842426312232,0.008098463558348517,0.06842534365210791,2.875848731697114e-4,0.0024298551983356997,-0.9776283941719787,3.094186134330957,0.328556665336286,0.0020429024577639653,,***
17,2,793,-1.4012726942700208e-5,0.0075044115361796206,0.008215426200419974,0.06941606769213877,2.917383383725077e-4,0.0024650368405503818,-0.04803183229489701,3.044340519675183,0.9617029825635314,0.0024090824026666217,,***
18,2,793,-3.2868088775836425e-4,0.007175730648421256,0.008214989541079465,0.07021153993621727,2.9172283214467154e-4,0.0024932848881923956,-1.126688937379315,2.8780227572082957,0.26021527444240367,0.004109457788892482,,***
19,2,793,3.914781664118206e-4,0.007567208814833077,0.007760169339429103,0.07056762714487158,2.7557169322007835e-4,0.002505929915733779,1.4206036978521464,3.019720849861545,0.15582555944313548,0.0026113304046244874,,***
20,2,793,3.0439882485583115e-4,0.007871607639688907,0.00805662044763091,0.0714167142536737,2.860989807406044e-4,0.0025360818830465377,1.0639633320882698,3.103846012350722,0.2876695873340686,0.001978150335590328,,***
21,2,793,5.467021724481056e-4,0.008418309812137013,0.00787097319275638,0.0726823812321721,2.795064534219676e-4,0.0025810270352799305,1.9559554556071583,3.2616124112872718,0.050821582315063646,0.0011552108111887508,*,***
22,2,793,-3.691125361617083e-4,0.008049197275975304,0.00786560522779041,0.07326473990939372,2.793158313968396e-4,0.0026017071982665763,-1.321488060006486,3.0938136625590285,0.18672028935054502,0.002045437790527578,,***
23,2,793,9.490340503064613e-4,0.008998231326281766,0.00806744681746199,0.07400694860666146,2.8648343640584595e-4,0.0026280638019027264,3.3127012933551065,3.4239013983477182,9.659162168550935e-4,6.490178462814463e-4,***,***
24,2,793,3.1220572315397206e-4,0.009310437049435738,0.008165271835791294,0.07536889717993074,2.8995730466324594e-4,0.002676428013815929,1.076729981045193,3.478680166765009,0.28192877685876366,5.313984677031262e-4,,***
25,2,793,-3.173536110103037e-4,0.008993083438425434,0.00803958833308641,0.07643684330091267,2.8549415261909695e-4,0.0027143518925296962,-1.1115940837979728,3.31316048710403,0.26665003727330383,9.643535322518823e-4,,***
26,2,793,4.980817076569306e-4,0.009491165146082364,0.007507130622220066,0.07746526728034749,2.66586024905183e-4,0.0027508722988462205,1.8683714115699952,3.450238366231387,0.06207932491958203,5.897291955526624e-4,*,***
27,2,793,0.00034140214640212613,0.009832567292484492,0.008158232029436144,0.07859783706425401,2.897073138096478e-4,0.002791091031117336,1.1784381343801504,3.5228400589099724,0.2389759168850431,4.5140516164463067e-4,,***
28,2,793,-5.456881525214652e-5,0.009777998477232345,0.008191412188534064,0.07992270528169604,2.908855758067756e-4,0.0028381384809866225,-0.18759546636439114,3.4452154264978705,0.8512418296378128,6.006315168723735e-4,,***
29,2,793,-2.213428609448682e-4,0.009556655616287477,0.008207260572697902,0.08051346123280347,2.9144836842995205e-4,0.0028591168399122913,-0.7594582262966646,3.3425201386945225,0.44780447540027746,8.691729606140183e-4,,***
30,2,793,8.670954264022282e-6,0.0095653265705515,0.008229927795494625,0.08194074850706523,2.92253305112835e-4,0.0029098012971291386,0.029669311218480647,3.2872782687906628,0.9763382617847536,0.0010561914882587363,,***
-30,3,792,3.3157591679323277e-4,3.3157591679323277e-4,0.0079527144706718,0.0079527144706718,2.8258740368647617e-4,2.8258740368647617e-4,1.1733570303123213,1.1733570303123213,0.24100585375949055,0.24100585375949055,,
-29,3,792,3.222887195182954e-4,6.538646363115282e-4,0.008138702177061783,0.011850342808867712,2.8919618905908975e-4,4.210835959850255e-4,1.1144293448916924,1.552814316553858,0.2654335336462732,0.12086749214820741,,
-28,3,792,-5.305963284848917e-4,1.2326830782663666e-4,0.008146350393360827,0.014357872355008407,2.894679565913895e-4,5.101847785717014e-4,-1.8330054031986585,0.24161502460291948,0.06717745586795801,0.809141100009086,*,
-27,3,792,-3.437816067892113e-4,-2.205132989625747e-4,0.008027028935159582,0.016704991326263553,2.8522805319720597e-4,5.935860195789414e-4,-1.2052867974789336,-0.3714934174477276,0.2284530505581059,0.7103695422824046,,
-26,3,792,1.0929244709368932e-5,-2.0958405425320581e-4,0.007930154877690604,0.018480755189685037,2.817857834557625e-4,6.566850408722525e-4,0.03878564977741225,-0.31915460412319185,0.9690710726488163,0.749693542074128,,
-25,3,792,-1.82343180333097e-4,-3.9192723458630283e-4,0.008068699810213182,0.02053305974428972,2.8670876326597136e-4,7.296105077425193e-4,-0.6359874677564095,-0.5371732320563215,0.5249685568726261,0.5912990279167507,,
-24,3,792,3.8376724181560794e-5,-3.53550510404742e-4,0.008019153428119943,0.022165753531885057,2.8494820924012017e-4,7.87625755259966e-4,0.13467964681687644,-0.448881347573567,0.8928994273647632,0.6536402002241684,,
-23,3,792,4.0059924629988084e-4,4.7048735895138826e-5,0.008108141353243992,0.02394429981620382,2.881102574706946e-4,8.508236455746943e-4,1.3904372923641157,0.05529787064551956,0.16478720895761675,0.9559151223984711,,
-22,3,792,2.3574557539820284e-4,2.827943112933417e-4,0.00800500209751655,0.025292234321959567,2.844453636031154e-4,8.987204126126228e-4,0.828790360341879,0.31466327828389395,0.40747305534003,0.753100309422132,,
-21,3,792,-2.6159631939339963e-5,2.5663467935400176e-4,0.008054591271422556,0.026490740453738008,2.8620743816982266e-4,9.413074735879154e-4,-0.09140095067626443,0.27263639836599346,0.9271971474917332,0.7852038857138128,,
-20,3,792,-4.407159651178445e-5,2.125630828422173e-4,0.00832505682368107,0.028060883214256448,2.958180130849945e-4,9.971000671417664e-4,-0.14898212604491326,0.2131812942822672,0.8816057105454483,0.8312404885838515,,
-19,3,792,2.5865536757189033e-5,2.384286195994062e-4,0.007791934139158577,0.02934395431350407,2.768743233773909e-4,0.0010426920133908954,0.09341977414761303,0.2286663909739007,0.925593738291513,0.8191873225556989,,
-18,3,792,2.1586916367899187e-6,2.4058731123619614e-4,0.007707327631296413,0.030542497506928275,2.738679620299642e-4,0.0010852803912944258,0.007882235004011655,0.22168216911138053,0.9937129389653061,0.8246185289474005,,
-17,3,792,1.4304914164636756e-4,3.836364528825638e-4,0.008312879511313893,0.03188420344879856,2.9538531113166644e-4,0.0011329558359519797,0.4842798076123838,0.33861554061390986,0.6283213614765808,0.734989236568499,,
-16,3,792,-2.963716490980261e-4,8.726480378453762e-5,0.007859571010078524,0.0330973036494809,2.7927769493275503e-4,0.001176061474584748,-1.0612077314995993,0.07420088632301275,0.2889194095843733,0.9408693006069173,,
-15,3,792,5.402396725400086e-4,6.275044763245463e-4,0.007856336599319582,0.03413084190066611,2.791627651509559e-4,0.0012127866571736833,1.935213932445026,0.5174071404997996,0.05332019333096922,0.6050166323600354,*,
-14,3,792,-4.591379824874575e-5,5.815906780758006e-4,0.008146533747458723,0.03540312546116537,2.8947447179555923e-4,0.001257995284924668,-0.1586108715008634,0.46231546735139606,0.8740159480239041,0.6439822462128004,,
-13,3,792,-4.760866334099785e-5,5.339820147348026e-4,0.00795045888515006,0.03617073579134606,2.825072549449701e-4,0.001285271130304083,-0.1685219140664957,0.4154625449405897,0.8662157861794624,0.6779160038127321,,
-12,3,792,2.2193983187503673e-4,7.559218466098393e-4,0.008127458540863552,0.03737047061055327,2.887966638437723e-4,0.0013279018507860406,0.7684986000915076,0.5692603306203524,0.442420398053722,0.5693410913470085,,
-11,3,792,-5.846026306698402e-4,1.713192159399992e-4,0.008046726377049843,0.03821042524136108,2.859279713174354e-4,0.0013577483389517803,-2.0445800667078426,0.12617891771627018,0.04122682968881556,0.8996223636370071,**,
-10,3,792,9.900630560258427e-6,1.8121984650025757e-4,0.007979282637361662,0.039582473475654446,2.8353146238156517e-4,0.0014065019500227461,0.034918983865482124,0.1288443620695491,0.9721531526023602,0.8975135547542807,,
-9,3,792,9.249976390929447e-5,2.737196104095523e-4,0.008156468330697608,0.04106489880847512,2.8982748183943e-4,0.0014591776405062584,0.3191545650613668,0.18758484423773508,0.7496935716822086,0.8512502149724965,,
-8,3,792,-3.058502818792524e-4,-3.2130671469700275e-5,0.007790063266894918,0.04229695861845603,2.7680784482625394e-4,0.0015029569795197396,-1.1049191256527708,-0.021378304174725898,0.26953060708084436,0.9829492718421343,,
-7,3,792,6.41704950464247e-5,3.20398235767243e-5,0.008316679030861446,0.04332456877853581,2.955203211798907e-4,0.001539471516563625,0.21714410295108774,0.020812222397100857,0.8281520398962652,0.9834006964346115,,
-6,3,792,-2.984349152023219e-5,2.1963320564921235e-6,0.007757719127972854,0.04498903966358285,2.756585458949057e-4,0.0015986159140711392,-0.10826252972984181,0.0013738960291586248,0.9138149002254842,0.9989041363240148,,
-5,3,792,2.5492623336646716e-5,2.7688955393138967e-5,0.007969368255064387,0.045707504536685144,2.831791701468981e-4,0.0016241454516747644,0.09002294668574146,0.017048322466800644,0.9282917694640472,0.9864023647291282,,
-4,3,792,-1.796176260922111e-4,-1.5192867069907214e-4,0.008415235671685634,0.04727665036026868,2.9902237891744394e-4,0.0016799026206171684,-0.6006828878242625,-0.09043897475632014,0.5482232885111203,0.9279612817841556,,
-3,3,792,-1.0578185121019415e-4,-2.5771052190926615e-4,0.00811459619349789,0.047904092212176605,2.8833962023170994e-4,0.0017021977960002118,-0.36686547317079693,-0.15139869321581126,0.7138174844612555,0.8796998232248924,,
-2,3,792,4.900800757337299e-4,2.3236955382446362e-4,0.008273632243064368,0.04925506130583131,2.939907201806999e-4,0.0017502023924237907,1.6669916500510786,0.13276724727970665,0.09591191991375479,0.894411224373687,*,
-1,3,792,4.154468473939675e-5,2.739142385638605e-4,0.00820437555996496,0.05072863632016205,2.91529791105832e-4,0.0018025636005336312,0.14250579531446608,0.15195815475402416,0.886716792164255,0.8792586887264495,,
0,3,792,1.8237857506353173e-4,4.5629281362739193e-4,0.007940738471978142,0.05127276227692414,2.821618551030492e-4,0.001821898274495191,0.6463615537150643,0.25044911673447895,0.5182327194496055,0.8023050855314444,,
1,3,792,3.9690929453452235e-4,8.532021081619145e-4,0.007862032977163138,0.052157180980025926,2.7936517712376895e-4,0.0018533247246717913,1.420754363950941,0.46036298809589865,0.15578224932329,0.64538222250306565,,
2,3,792,1.931198262653149e-4,0.0010463219344272292,0.008177291130177077,0.05315472317715606,2.9056738780035534e-4,0.0018887708431756403,0.6646300802277396,0.5539697619791825,0.506480832621258,0.5797561062517558,,
3,3,792,-1.840919241985701e-4,8.622300102286591e-4,0.008078513078307143,0.054184273370859695,2.870574625638751e-4,0.0019253543163125857,-0.6413068747780998,0.4478292659815421,0.5215090936724996,0.6543990417641565,,
4,3,792,-6.955252943658843e-4,1.6670471586277487e-4,0.008112120733851334,0.054825795874121896,2.882516586033841e-4,0.0019481498258548766,-2.4129099472863147,0.0855707880627828,0.016052184210902053,0.9318292750250787,**,
5,3,792,4.2909878156553244e-4,5.958034974283073e-4,0.008008783563245173,0.05652476027591961,2.845797321368182e-4,0.0020085198971092023,1.5078332470958733,0.29663808572961015,0.13199648627662164,0.7668207017034068,,
6,3,792,-2.3943085808602276e-4,3.563726393422846e-4,0.007570601729510762,0.057382765184426886,2.69009618662453e-4,0.0020390077739642657,-0.8900457138912011,0.1747774794646419,0.3737119553059879,0.8612992100478483,,
7,3,792,-1.1810017157710049e-4,2.3827246776518413e-4,0.008104855970716309,0.057964086154985155,2.8799351648596056e-4,0.0020596641151901926,-0.4100792719854781,0.11568510904661836,0.6818588376374303,0.907931469832342,,
8,3,792,-3.299382303228015e-5,2.0527864473290387e-4,0.008141110437725788,0.05926655992495703,2.892817628755459e-4,0.002105945505322259,-0.11405427948278467,0.09747576288850429,0.9092237076962152,0.9223732740245791,,
9,3,792,2.95832278332763e-4,5.011109230656669e-4,0.00776785979354183,0.06003719187693388,2.7601887875551036e-4,0.0021333287193569233,1.0717827695938247,0.2348962532209866,0.28414450711253064,0.8143500504593273,,
10,3,792,-5.032631170414722e-4,-2.1521939758050457e-6,0.008061408948757611,0.06109511123975219,2.8644969378510855e-4,0.002170920247023479,-1.7568987782511463,-9.913740399979645e-4,0.07932194039917635,0.9992092480502721,*,
11,3,792,-1.0399136141119068e-4,-1.0614355538699613e-4,0.008079097826274863,0.06212234945551023,2.8707824067814264e-4,0.002207421567601391,-0.3622404859579046,-0.048084859251571466,0.7172690833478208,0.9616607507267395,,
12,3,792,1.7468453774114798e-4,6.8540982354152e-5,0.008263664692700554,0.06307496198198227,2.9363653870105393e-4,0.002241271179776919,0.5949005478469802,0.030581298226024616,0.5520800860327317,0.9756111712756712,,
13,3,792,9.28084221510428e-5,1.6134940450519478e-4,0.007715191454409139,0.06372995423806274,2.7414739081678543e-4,0.002264545316144208,0.33853476363401647,0.07125024319668767,0.7350500736651102,0.9432166048703506,,
14,3,792,-3.2679907970193143e-4,-1.6544967519673662e-4,0.007825773716438379,0.06500415465410823,2.7807676039692835e-4,0.0023098220563911274,-1.1752117625200198,-0.0716287537124118,0.24026363374278742,0.942915463018539,,
15,3,792,-2.339470272435835e-4,-3.9939670244032015e-4,0.008224944100453463,0.0659430099660207,2.922606623669217e-4,0.002343182827233462,-0.8004738829677744,-0.17045050765922434,0.4236766376076623,0.8646994412528488,,
16,3,792,-2.616446431711029e-4,-6.610413456114231e-4,0.008111417826460658,0.06694249963075677,2.882266818768468e-4,0.002378698145985422,-0.9077738447646501,-0.2779004754037734,0.36427419104990644,0.7811613792299862,,
17,3,792,1.1116951808493887e-4,-5.498718275264842e-4,0.008277537157049784,0.0679428702993968,2.941294752571995e-4,0.0024142447698479543,0.3779611614501656,-0.22776142435678318,0.7055608476473356,0.8198905762907278,,
18,3,792,-2.8010098260315756e-4,-8.299728101296419e-4,0.00815111264385372,0.06844402522014466,2.896371757941478e-4,0.002432052534532718,-0.9670753826236455,-0.34126434291400226,0.33380193404531844,0.7329952189526094,,
19,3,792,-5.8798938792352675e-5,-8.887717489219943e-4,0.00788337212634842,0.06922599687651261,2.801234307725558e-4,0.00245983868741729,-0.2099036793537419,-0.3613130216498713,0.8337969023415795,0.7179619436195621,,
20,3,792,-1.121732051094449e-4,-0.0010009449540314393,0.008002882448586974,0.0696794868810579,2.8437004515808077e-4,0.0024759527530554843,-0.39446209971619206,-0.40426658093382806,0.6933462322113791,0.6861259786880631,,
21,3,792,-4.5316381614100636e-4,-0.0014541087701724457,0.007927306970416808,0.07009005340873702,2.816845874772812e-4,0.002490541599357621,-1.6087632631925788,-0.5838524321567246,0.10806713272783804,0.5594860486870958,,
22,3,792,2.1631896473035264e-4,-0.001237789805442093,0.007680470688714765,0.07057784421755223,2.729136421303761e-4,0.002507874491002802,0.7926278915255284,-0.49356130455601416,0.4282323140195279,0.6217530419151838,,
23,3,792,-2.2107360265843234e-4,-0.0014588634081005255,0.008276116092955688,0.07150948723198114,2.9407897994339143e-4,0.0025409789840134594,-0.7517490801314252,-0.5741343857146982,0.45242558361109475,0.5660400880631034,,
24,3,792,7.059468794131493e-4,-7.529165286873761e-4,0.008156127387077883,0.07264652793543352,2.898153669354363e-4,0.002581381966097049,2.43585040668467,-0.2916718790848908,0.015076626377554535,0.7706139853744545,**,
25,3,792,1.0181139570578866e-4,-6.511051329815871e-4,0.008078809055967872,0.07325511309535022,2.8706797967209053e-4,0.0026030070981066544,0.35465953333452543,-0.2501357500927218,0.7229392027304795,0.802547319716177,,
26,3,792,-2.0429924294021264e-4,-8.554043759217998e-4,0.007966780946522617,0.07427151684188359,2.830872341411417e-4,0.0026391234325845612,-0.7216829948550526,-0.32412442910412886,0.47070266814197215,0.7459295192070878,,
27,3,792,-5.34947415401312e-5,-9.088991174619314e-4,0.008254278133261798,0.0755593059942475,2.933030018349777e-4,0.002684883027551056,-0.18238729643220347,-0.3385246612739622,0.8553255267710382,0.7350576823640371,,
28,3,792,2.8802841772824063e-4,-6.208706997336906e-4,0.008085552842107503,0.0760709504939906,2.8730760967807695e-4,0.002703063523195162,1.002508837308456,-0.22969149426417812,0.316404474754288,0.8183908860683475,,
29,3,792,-2.177330606282324e-4,-8.386037603619232e-4,0.0076418219498991385,0.07733705166934854,2.71540318996754e-4,0.0027480524694559944,-0.8018443133332077,-0.3051629361821951,0.42288383894467874,0.7603223398682725,,
30,3,792,1.663175885092919e-4,-6.72286171852631e-4,0.007915977519563926,0.07822708932240147,2.8128201297098957e-4,0.002779678580325053,0.5912841235477269,-0.24185752144552428,0.5544989924607483,0.808953253120419,,
-30,4,791,-6.555277934241383e-5,-6.555277934241383e-5,0.008097657137156634,0.008097657137156634,2.8791954187385284e-4,2.8791954187385284e-4,-0.22767742305985847,-0.22767742305985847,0.8199559359199791,0.8199559359199791,,
-29,4,791,2.950473264882618e-4,2.2949454714584798e-4,0.008090658257163952,0.0116561351301762,2.8767069034964135e-4,4.144444534828095e-4,1.0256426406515546,0.5537401821095117,0.3053740015201739,0.5799133601979416,,
-28,4,791,-3.2668311273608634e-4,-9.718856559023837e-5,0.008378752281750643,0.014751830584182718,2.9791413461637657e-4,5.24514712299855e-4,-1.0965680200328713,-0.18529235369603425,0.2731644232458233,0.8530472954079624,,
-27,4,791,1.0702847903777138e-5,-8.648571768646121e-5,0.00802198047915831,0.01656744059228336,2.8522878968067307e-4,5.89070372400015e-4,0.037523729339382174,-0.14681729338058117,0.9700768999083865,0.883313692195336,,
-26,4,791,1.4086571720652567e-4,5.4379999520064496e-5,0.008333175676495368,0.01895658496663702,2.962936170909986e-4,6.740185669312466e-4,0.4754260945258991,0.08068026933983784,0.634614722053124,0.9357166625400243,,
-25,4,791,2.7909781909481732e-05,8.228978142954619e-5,0.008170237397756137,0.02073868669610322,2.9050019884993116e-4,7.373828098017069e-4,0.09607491499136489,0.11159709764820139,0.9234854398101677,0.9111712204081374,,
-24,4,791,-3.421301187276184e-4,-2.598403372980722e-4,0.00783050431297611,0.022411264550573053,2.7842068097550524e-4,7.968528319884454e-4,-1.228824372991596,-0.3260832199713384,0.21950357272440937,0.7444477502129903,,
-23,4,791,-4.486315942592778e-4,-7.084719315573499e-4,0.00805699698144894,0.023924293198217213,2.864738331700153e-4,8.50649937458965e-4,-1.5660473743618524,-0.8328595587436063,0.11773797871788698,0.40517565257681565,,
-22,4,791,4.2598690553800375e-5,-6.658732410035497e-4,0.00820332774814592,0.025727043772017382,2.9167675626194536e-4,9.147483687125789e-4,0.1460476011175326,-0.7279305039272197,0.8839210683463845,0.46687181968317126,,
-21,4,791,-5.091033013072808e-4,-0.0011749765423108302,0.008064202484636681,0.027219076781636327,2.867300313692779e-4,9.677989552358056e-4,-1.7755492819362533,-1.214070893499307,0.0761921473957984,0.2250834601404554,*,
-20,4,791,-2.6084041490190995e-4,-0.0014358169572127404,0.008357262381476509,0.028160840679477103,2.9715004172666253e-4,0.0010012842245460422,-0.8778070949821624,-1.4339754107917806,0.3803152913861366,0.15197496163759702,,
-19,4,791,-6.279502163506449e-5,-0.0014986119788478048,0.00803995625163248,0.029431425480128323,2.8586793457010574e-4,0.0010464610192064093,-0.2196644465546546,-1.432076256394421,0.8261892411346525,0.15251752725354645,,
-18,4,791,-1.1057558453165605e-4,-0.001609187563379461,0.008150934825379196,0.030798766034809605,2.898138783869105e-4,0.0010950780524323443,-0.3815399909318153,-1.4694729383035272,0.7029051981300432,0.14210266157775175,,
-17,4,791,1.0271314618960952e-4,-0.0015064744171898515,0.00826812078379701,0.03180939669093578,2.939805313940978e-4,0.0011310119417767494,0.3493875791792371,-1.3319703900060276,0.7268914671761724,0.18325405405692488,,
-16,4,791,5.399167690306454e-4,-9.665576481592058e-4,0.00817642978663286,0.03320961796475824,2.907203748512476e-4,0.0011807980787855764,1.85716866011508,-0.818563025740428,0.06365913996742438,0.4132826103457038,*,
-15,4,791,-7.282351499016029e-5,-0.0010393811631493664,0.007935551161654945,0.033875485823578896,2.8215571692906773e-4,0.001204473614266137,-0.25809689692896665,-0.862933941299031,0.7963993474716361,0.38843567697190606,,
-14,4,791,2.5206218266002195e-5,-0.001014174944883364,0.008101525189671405,0.03511864980406187,2.880570739882821e-4,0.001248675436802231,0.0875042501717127,-0.8122006047308771,0.9302928822099239,0.41692119957963913,,
-13,4,791,-6.402158855598196e-5,-0.0010781965334393459,0.007812281536358599,0.035941081622564146,2.777727536297908e-4,0.0012779177458300003,-0.2304818875119353,-0.8437135621268513,0.817777007097495,0.3990848846746593,,
-12,4,791,-1.2257276564479135e-4,-0.0012007692990841374,0.0080133283370275,0.036572926840215736,2.849211549220835e-4,0.0013003835754545562,-0.4301988937196009,-0.9233962361177946,0.6671682938901294,0.35608269090204536,,
-11,4,791,-4.007019557805025e-4,-0.00160147125486464,0.008331843763623194,0.03748344279963187,2.962462597211475e-4,0.0013327577959807637,-1.3525975185566148,-1.2016221249609218,0.17657125345973618,0.22987006082316572,,
-10,4,791,4.022621244800466e-4,-0.0011992091303845932,0.00833056226404908,0.03898767333367753,2.9620069484181987e-4,0.0013862420765448037,1.3580728589946987,-0.865079159459372,0.1748282916389084,0.3872579530111986,,
-9,4,791,5.237807332779071e-4,-6.754283971066861e-4,0.008593101669052822,0.04034086721789138,3.055355214382265e-4,0.0014343561120751048,1.7143038911231985,-0.4708931006885965,0.08686515481977233,0.6378470684742112,*,
-8,4,791,-3.309797787680115e-4,-0.0010064081758746977,0.008164757842177076,0.041674810471518026,2.903053682828581e-4,0.0014817856739798164,-1.140109053875719,-0.6791860614846288,0.25458640636904356,0.4972189116365663,,
-7,4,791,-2.7676948108945013e-4,-0.001283177656964148,0.008146211828373625,0.0427670312991671,2.8964594794590975e-4,0.0015206205758527085,-0.9555441153319215,-0.843851304750752,0.33959490846598317,0.3990079463133862,,
-6,4,791,-6.195667781897087e-5,-0.0013451343347831188,0.008032532745600172,0.043828954503634825,2.8560398508203563e-4,0.0015583782182617225,-0.21693211949117136,-0.8631629465942713,0.8283172548869475,0.3883098490509346,,
-5,4,791,-8.326054340699438e-5,-0.0014283948781901132,0.00781840741125908,0.04497946477851476,2.7799056466637197e-4,0.0015992856542835084,-0.29950852291306657,-0.8931455580585724,0.7646308504020516,0.37205121519978224,,
-4,4,791,-3.267128633841869e-4,-0.0017551077415743,0.007787955330911451,0.04547546812836669,2.769078133378965e-4,0.0016169215031269935,-1.1798614833071388,-1.0854625522513404,0.2384104725663662,0.27804795515240766,,
-3,4,791,-1.8694076781482653e-4,-0.0019420485093891266,0.007912117609322599,0.04643620754449225,2.8132251572806266e-4,0.0016510814641954555,-0.6645069532775356,-1.1762281580306242,0.5065598109490246,0.23985802923749794,,
-2,4,791,7.100895635718116e-4,-0.0012319589458173147,0.008396606649867232,0.04755610810543523,2.9854896286379487e-4,0.0016909005440835668,2.378469369849298,-0.7285815538518329,0.01762148880567357,0.4664735802138288,**,
-1,4,791,-7.180177385779316e-4,-0.0019499766843952466,0.008576939524241616,0.048656248816041525,3.049608617248152e-4,0.0017300170445761723,-2.3544586492736332,-1.1271430478148619,0.018793559627670296,0.26002423902636773,**,
0,4,791,-0.0031041957214983135,-0.00505417240589356,0.008217064446848733,0.04962669481565883,2.921651770397559e-4,0.0017645221320219022,-10.624797085505898,-2.8643292788298247,9.735699017057198e-25,0.004289733474640484,***,***
1,4,791,-1.7527350148290085e-4,-0.0052294459073764605,0.007883679916554637,0.05079936275870768,2.803113877764814e-4,0.001806217404026384,-0.6252814160467247,-2.895247214271706,0.5319669476900533,0.003893076610973401,,***
2,4,791,-1.703960604200016e-4,-0.005399841967796462,0.008046837282126124,0.051969305253330475,2.861125958485216e-4,0.0018478157702408401,-0.595555955565883,-2.922283733455018,0.5516424774003941,0.0035738924658848563,,***
3,4,791,-4.093698473263316e-4,-0.005809211815122794,0.00797142005817606,0.053127290299353966,2.834310680681635e-4,0.00188898897852821,-1.4443365369807677,-3.075302122540171,0.1490408082438965,0.002175331016250571,,***
4,4,791,1.733321816191756e-4,-0.005635879633503618,0.008115423943195426,0.05405391642694477,2.885512567722002e-4,0.0019219360106913878,0.6006980650790043,-2.932397125685883,0.5482134006867907,0.0034607603894699548,,***
5,4,791,2.706094295012703e-4,-0.005365270204002348,0.008431400896488752,0.05560216334063814,2.997861038512968e-4,0.0019769853335446304,0.9026750273771896,-2.713864444498787,0.3669735345326046,0.006795258321437814,,***
6,4,791,1.2722044642106607e-4,-0.005238049757581282,0.007912123125125957,0.056265553137531635,2.813227118474524e-4,0.0020005727592864457,0.45222245152411134,-2.6182750581136394,0.6512328791748935,0.009006813514713127,,***
7,4,791,-1.2835685766635608e-4,-0.005366406615247638,0.008359563480851087,0.05686165474998117,2.97231859401394e-4,0.0020217676926183605,-0.4318408461490589,-2.6543141602474054,0.6659749224686831,0.008106842743656336,,***
8,4,791,1.2135973696236627e-4,-0.0052450468782852715,0.008013872225825882,0.058054717109437895,2.849404933814685e-4,0.0020641881065903865,0.4259125669439129,-2.540973306424582,0.6702875686184808,0.011244648412946959,,**
9,4,791,2.4118625357504855e-4,-0.005003860624710223,0.007971927226621968,0.05885821508992672,2.83449100902121e-4,0.0020927572058397704,0.8508979312597418,-2.3910373409524595,0.39508388352098733,0.017033971945298546,,**
10,4,791,3.956151125077413e-4,-0.004608245512202482,0.008424476858371313,0.05921887266932903,2.9953991339782074e-4,0.0021055807130932903,1.3207425615507957,-2.188586494712211,0.18696967779446577,0.02891900898839217,,**
11,4,791,-1.4143552599406073e-4,-0.004749681038196543,0.007936098966617958,0.06011813286226212,2.821751946312371e-4,0.0021375547246362883,-0.5012330236146266,-2.2220161118937978,0.6163467695511742,0.026564760276707688,,**
12,4,791,-4.790327032495551e-4,-0.0052287137414460975,0.007963958027713028,0.06100880662244798,2.831657488090279e-4,0.0021692234377774107,-1.691704258951966,-2.410408098302425,0.09109674483310759,0.016162156728915654,*,**
13,4,791,-1.5835039868359628e-4,-0.005387064140129694,0.007746282122093139,0.061680468667269645,2.7542608461214867e-4,0.0021931049907949808,-0.5749288376465257,-2.4563639965895714,0.5655031179947634,0.014249246295219889,,**
14,4,791,-3.8536883384380946e-4,-0.0057724329739735035,0.008078572932757547,0.06240591032776388,2.8724098568228484e-4,0.002218898726811204,-1.3416220283760727,-2.601485549666843,0.18010409266298502,0.009455820007451437,,***
15,4,791,2.424538156082218e-4,-0.005529979158365282,0.008481017539541481,0.06358474688666525,3.0155026858377353e-4,0.0022608133295455714,0.8040245387507119,-2.446013160881717,0.42162467226064093,0.014661711653269174,,**
16,4,791,3.2578086488330133e-4,-0.00520419829348198,0.008051207522968125,0.06448982972048987,2.8626798372427314e-4,0.002292994370365012,1.1380275944413194,-2.2696079679661603,0.2554539711109062,0.023500119320925522,,**
17,4,791,2.1415250772231664e-4,-0.004990045785759664,0.008585114081093097,0.06574589258489419,3.052515155057589e-4,0.002337654824414692,0.7015608337521143,-2.1346375579675603,0.48315969836558703,0.033097801457103226,,**
18,4,791,9.270049774154346e-5,-0.00489734528801812,0.008112879918812418,0.06658363415038468,2.8846080167852737e-4,0.0023674414853783843,0.32136254632216105,-2.068623582996555,0.7480206651503656,0.03890624255072408,,**
19,4,791,-7.634850406577875e-5,-0.004973693792083899,0.007800113048490262,0.06743690471768475,2.7734009201013876e-4,0.0023977802940819775,-0.27528837793487015,-2.074290878259196,0.7831666768427799,0.03837565049368769,,**
20,4,791,-5.241299507089752e-4,-0.005497823742792875,0.007768202601846277,0.0679860215062662,2.762054871456566e-4,0.0024173046393988658,-1.897608755442921,-2.274361143062246,0.05811198675322782,0.023211633367461695,*,**
21,4,791,1.1646049779349705e-4,-0.005381363244999377,0.008170579242246127,0.06932950422850633,2.9051235344073223e-4,0.0024650733857598207,0.4008796748715758,-2.183043829886085,0.6886171109654309,0.02932625347981374,,**
22,4,791,-8.072370407765254e-4,-0.006188600285775903,0.008172693403707056,0.07051891063398226,2.905875243684423e-4,0.002507363808973109,-2.7779480297062302,-2.468170061172912,0.005600062691765417,0.013791341769819769,***,**
23,4,791,3.3787839886615414e-4,-0.0058507218869097485,0.00803824717720137,0.07116088930955926,2.858071668790441e-4,0.00253018994288248,1.182190084859373,-2.312364691579006,0.2374859870041193,0.021013812098692776,,**
24,4,791,-7.452973193102343e-5,-0.005925251618840772,0.00786429044360525,0.07187759378598507,2.796219774848123e-4,0.0025556730203969125,-0.26653746104442566,-2.3184701530873237,0.7898948661860552,0.02067820809028445,,**
25,4,791,1.7234263862054287e-4,-0.005752908980220229,0.008431696675714135,0.0728100818301947,2.997966205498462e-4,0.0025888284783206292,0.5748651812834161,-2.2222055375225693,0.5655461508378486,0.02655190738676147,,**
26,4,791,-1.2256597928519297e-4,-0.005875474959505422,0.007973779064438748,0.07412553155944737,2.8351494467480746e-4,0.0026356004861976512,-0.4323087074855138,-2.2292737424638656,0.665635035633497,0.026076148098833022,,**
27,4,791,-1.695403247147835e-4,-0.0060450152842202055,0.007923326787690808,0.07515335586300269,2.817210682286061e-4,0.0026721457112663396,-0.6018020795562505,-2.262232653980329,0.5474785537181907,0.023953923210836767,,**
28,4,791,-1.129302905276143e-6,-0.006046144587125482,0.008258549143090366,0.07602971915430841,2.936402030299105e-4,0.0027033056027107438,-0.0038458729207495853,-2.236574577828974,0.9969324158555004,0.025592499709372763,,**
29,4,791,-5.229651521968184e-4,-0.0065691097393223,0.008020476237590423,0.07767438215170142,2.851753050077908e-4,0.002761783086842968,-1.8338374431914128,-2.378575555269816,0.06705415243143112,0.017616451320755035,*,**
30,4,791,-2.750495552435334e-4,-0.006844159294565833,0.008022367908891118,0.0787168161190798,2.8524256509611596e-4,0.002798847771755858,-0.9642654670099889,-2.4453488909374115,0.33520791904496106,0.014688538323007878,,**
-30,5,791,1.842821305187862e-5,1.842821305187862e-5,0.008245297537720363,0.008245297537720363,2.931690301853951e-4,2.931690301853951e-4,0.06285866225441661,0.06285866225441661,0.9498949526970741,0.9498949526970741,,
-29,5,791,-4.0314750450066636e-4,-3.8471929144878774e-4,0.007988718859976172,0.01130987000663923,2.840461426514527e-4,4.021326830476063e-4,-1.419302866560524,-0.9566973978169362,0.15620517327958547,0.3390126804021588,,
-28,5,791,-2.9101857031830147e-4,-6.757378617670893e-4,0.008044844327255782,0.013893876558353087,2.8604173453104114e-4,4.940093789816264e-4,-1.017398984785978,-1.3678644384446432,0.3092751388406694,0.17174347370277893,,
-27,5,791,-8.023617586401608e-4,-0.00147809962040725,0.008030113276588789,0.016304002859843302,2.8551795866753863e-4,5.797036049570727e-4,-2.8101971672277286,-2.549750610084103,0.005073562148706509,0.010967784026511804,***,**
-26,5,791,-2.5081639352462576e-4,-0.0017289160139318757,0.00789531403004665,0.01796873455160152,2.807250492306517e-4,6.388946497142742e-4,-0.893459255638238,-2.7061050123131873,0.3718833731137504,0.00695457595850539,,***
-25,5,791,-6.740939266891759e-4,-0.0024030099406210518,0.008054960923227368,0.019860965602993563,2.864014392737989e-4,7.061746404830087e-4,-2.3536680835068853,-3.4028550486851854,0.01883328586539298,7.004261425923737e-4,**,***
-24,5,791,8.930127813298003e-5,-0.0023137086624880716,0.008107435092973576,0.021964316882260047,2.882672059588582e-4,7.809612023821748e-4,0.30978646300032203,-2.962642261139913,0.7568050423537829,0.0031416369542283627,,***
-23,5,791,5.256850039251785e-5,-0.002261140162095554,0.00787906104172599,0.023481058915575823,2.801471594938915e-4,8.348903406472747e-4,0.18764602320968413,-2.708307968136911,0.8512023299205573,0.006909006319847915,,***
-22,5,791,-1.2438297025043647e-4,-0.00238552313234599,0.008062417667709307,0.024567625412510872,2.866665705850839e-4,8.735241976646968e-4,-0.43389422769656033,-2.7309182032089234,0.6644837161568301,0.00645659950098551,,***
-21,5,791,-6.0596472044963956e-5,-0.0024461196043909545,0.008010167293402952,0.025664326581340022,2.848087611498099e-4,9.125184021306916e-4,-0.21276196631145805,-2.6806249591015034,0.8315675184950068,0.00750165002689268,,***
-20,5,791,3.331635931163901e-4,-0.0021129560112745642,0.008192247367034805,0.027488629117329202,2.9128278326466186e-4,9.773831329416762e-4,1.1437805879988279,-2.1618502919270774,0.25306109913447844,0.030929350024355522,,**
-19,5,791,5.576063589468917e-4,-0.0015553496523276725,0.008560350510646988,0.02937178689645328,3.0437102430475597e-4,0.0010443405152879446,1.8319955397218763,-1.489312757246455,0.06732841769937643,0.1368041241960491,*,
-18,5,791,1.1726858051428099e-4,-0.0014380810718133913,0.008043569610071511,0.030774817745927243,2.859964108057342e-4,0.001094226549306578,0.4100351475876975,-1.3142443607539198,0.681891332054968,0.1891454399024391,,
-17,5,791,-3.843156879272465e-4,-0.0018223967597406378,0.007907346696875258,0.03269537012353199,2.811528816100836e-4,0.001162513530508509,-1.366927792901778,-1.5676348807256302,0.1720367847604468,0.11736680563954886,,
-16,5,791,-7.78753305059317e-4,-0.002601150064799955,0.008240076975059778,0.0336172749149658,2.9298340834637426e-4,0.0011952926912836633,-2.6580116241212206,-2.1761616077535755,0.008019231392872576,0.0298387931863684,***,**
-15,5,791,-1.128758660776776e-4,-0.0027140259308776325,0.008033542513526623,0.03443219715259598,2.856398882962442e-4,0.0012242679903543875,-0.3951684295598493,-2.216856074209705,0.6928252657198709,0.026916955723153328,,**
-14,5,791,-5.509943503844474e-4,-0.00326502028126208,0.00792144212379444,0.03582737532230274,2.816540572948956e-4,0.0012738748152236632,-1.9562805367562979,-2.5630621174411217,0.05078411350479176,0.01055947177455264,*,**
-13,5,791,-3.9622207834721105e-4,-0.003661242359609291,0.008207318397489007,0.03712362466267727,2.918186474177673e-4,0.0013199641358646167,-1.3577681956012218,-2.7737438163129076,0.17492493565425946,0.005672223235340338,,***
-12,5,791,-3.261026167841934e-4,-0.003987344976393485,0.008256304487367121,0.03798662596125559,2.935603922603812e-4,0.001350648929541922,-1.110853593951285,-2.9521697971846828,0.2669693506849539,0.0032489587602934373,,***
-11,5,791,1.5824350490520402e-5,-0.003971520625902964,0.008068511002754755,0.03894084476120991,2.868832246376146e-4,0.0013845770441899986,0.05515955319628542,-2.868399878914916,0.9560252981660833,0.004235491147286948,,***
-10,5,791,-6.271371680290086e-4,-0.004598657793931973,0.007963306086521998,0.04033268322780971,2.8314256844884833e-4,0.0014340651228871085,-2.2149165752951956,-3.2067287046726296,0.027050375677178416,0.0013965835314988149,**,***
-9,5,791,-5.739765201562624e-4,-0.005172634314088235,0.008430018345599059,0.04175197153464299,2.997369460008179e-4,0.0014845292055432236,-1.9149341708268963,-3.4843600885544377,0.05586174996382545,5.204844240235778e-4,*,***
-8,5,791,-2.0418249186367283e-4,-0.005376816805951908,0.007893941909540445,0.04271462651842088,2.806762622419152e-4,0.0015187572763564606,-0.7274661926618066,-3.540273939527082,0.467155948739855,4.231037212330908e-4,,***
-7,5,791,-4.1216826802064336e-4,-0.005788985073972551,0.008782059337823401,0.04356382381541728,3.122540826843352e-4,0.0015489512562410633,-1.3199771944609406,-3.737357809451695,0.18722497564174306,1.9936586930202705e-4,,***
-6,5,791,-6.370311420407823e-4,-0.006426016216013334,0.008042813637212548,0.044011096347014105,2.8596953150527297e-4,0.0015648544366559526,-2.227618930896616,-4.106462598365084,0.026186866147931122,4.436081201343345e-5,**,***
-5,5,791,-7.371655437481425e-5,-0.006499732770388148,0.007947700800426545,0.04486933199281347,2.825877083519943e-4,0.0015953697832275572,-0.2608625647757903,-4.074123026975403,0.7942664785326252,5.085054104088937e-5,,***
-4,5,791,-8.958105664991107e-8,-0.006499822351444798,0.007999752047619255,0.04569426752664203,2.8443843764218874e-4,0.0016247011141239383,-3.1494005308312155e-4,-4.000626512125951,0.9997487937064469,6.911096907031864e-5,,***
-3,5,791,2.2294750397557005e-7,-0.006499599403940822,0.00835877600141939,0.046975621751383596,2.9720385985617135e-4,0.001670260825422762,7.501500959087918e-4,-3.8913679259020513,0.9994016562555947,1.0808418469883098e-4,,***
-2,5,791,-2.7845844029800203e-4,-0.006778057844238824,0.008241406427603164,0.04755972704303674,2.9303067823700454e-4,0.0016910292186913757,-0.9502706063860781,-4.008244073679643,0.34226538836849096,6.696277324128064e-5,,***
-1,5,791,2.902000074117621e-4,-0.006487857836827062,0.00836698123922014,0.048190185864561,2.974956045260855e-4,0.0017134457537445423,0.97547662216406394,-3.7864390061071855,0.3296224911659684,1.6440546140986388e-4,,***
0,5,791,-0.006535694452755924,-0.013023552289582985,0.008060055119535536,0.048808191356075364,2.8658256804257984e-4,0.0017354194993574393,-22.805624561870992,-7.504555696421019,7.597508378307156e-89,1.6630982690978565e-13,***,***
1,5,791,2.4258848875468984e-4,-0.012780963800828295,0.008130273755851423,0.049878129051430464,2.8907925532590633e-4,0.0017734621042569073,0.8391763998464605,-7.206787091841247,0.40162418736071326,1.339721551511313e-12,,***
2,5,791,-2.3439768345577403e-4,-0.013015361484284069,0.007778118090435351,0.05075641972135523,2.765580413330798e-4,0.0018046905253957172,-0.8475533104223542,-7.211963104549557,0.3969434838233067,1.2927879437181612e-12,,***
3,5,791,1.0713385101882737e-4,-0.012908227633265242,0.008028021212413307,0.0514190662969094,2.8544357342884886e-4,0.0018282515252289143,0.3753240955187667,-7.060422187613933,0.7075201943622484,3.6397679187702184e-12,,***
4,5,791,-3.3466237700374745e-4,-0.013242890010268989,0.007753910121912484,0.05217402929660934,2.756973050622369e-4,0.0018550949192283842,-1.2138761274006633,-7.13865898343212,0.22515779501929212,2.1379080469802594e-12,,***
5,5,791,1.1031226016635444e-4,-0.013132577750102636,0.00800854707455314,0.05288137503171304,2.847511527995091e-4,0.0018802452382092882,0.3873988185186537,-6.984502597443016,0.6985653233666512,6.070938553960952e-12,,***
6,5,791,4.988023374528118e-4,-0.012633775412649824,0.008214793469307206,0.05415155385545289,2.920844303741108e-4,0.001925407597992461,1.7077334002840556,-6.561610864017839,0.08807870232342102,9.625675484823753e-11,*,***
7,5,791,-8.388585006069462e-5,-0.012717661262710518,0.008111783848015398,0.0551836885781138,2.8842182988750265e-4,0.001962106083920821,-0.29084431678910655,-6.481637953691665,0.7712467271965971,1.5965988142778371e-10,,***
8,5,791,-3.883708380553714e-4,-0.013106032100765889,0.007778478395673136,0.05611897125719824,2.7657085231250764e-4,0.0019953609076214817,-1.4042363278995749,-6.568251412917874,0.16064149824477372,9.22740231738949e-11,,***
9,5,791,3.57814135473325e-5,-0.013070250687218557,0.008326262525771039,0.056878454861194756,2.960478137486565e-4,0.0020223650358056696,0.12086363041920922,-6.462854359035945,0.9038297826778724,1.7967109606366612e-10,,***
10,5,791,-3.173816201629752e-4,-0.013387632307381532,0.008383468954961459,0.058027020478392664,2.980818402091208e-4,0.0020632033277602976,-1.0647465808058436,-6.488760524593776,0.28731594429492213,1.5265697234571836e-10,,***
11,5,791,4.856985922105464e-6,-0.013382775321459426,0.008343516708022131,0.05873028572189823,2.966613018434225e-4,0.0020882085611625386,0.016372158727561224,-6.40873501352232,0.9869416246778807,2.5206925001594216e-10,,***
12,5,791,-1.9494997143724378e-4,-0.013577725292896671,0.007756677279654937,0.06024688577120165,2.7579569386482574e-4,0.002142132651057339,-0.7068637247570426,-6.338414797139112,0.4798596065133752,3.89936325736171e-10,,***
13,5,791,-6.923750984383416e-4,-0.014270100391335012,0.00811921020739383,0.06159829114186868,2.8868588082888136e-4,0.0021901830943667896,-2.3983684150065767,-6.515482850743437,0.0166992770212584,1.2896500856099723e-10,**,***
14,5,791,-1.7363644391598791e-4,-0.014443736835251,0.008333007803215466,0.0628582061859887,2.962876482043165e-4,0.002234980516159136,-0.5860401031508754,-6.462578412125438,0.5580159555701283,1.7998265294760453e-10,,***
15,5,791,-1.9616715782764724e-4,-0.014639903993078648,0.008611237547662761,0.06361644598233471,3.0618035904648896e-4,0.0022619404196345164,-0.6406915141080691,-6.4722765754564655,0.5219089248261151,1.693440314839632e-10,,***
16,5,791,-2.1477412078537586e-4,-0.014854678113864024,0.007996841328345765,0.06503594894161392,2.843349443791928e-4,0.002312412134452978,-0.7553560511329563,-6.42388867128914,0.45026051594402716,2.2932658479555813e-10,,***
17,5,791,3.3494879199108936e-4,-0.014519729321872933,0.008153737304456753,0.065890790512696,2.8991352307159574e-4,0.002342806801620511,1.1553403526760355,-6.197578610335982,0.24830039206872664,9.227010682643839e-10,,***
18,5,791,-6.211184253574571e-4,-0.015140847747230391,0.007793644976777802,0.0671653196114059,2.7711011385562866e-4,0.002388123839374755,-2.2414137712817404,-6.340059714488878,0.025276225830575122,3.859953391617871e-10,**,***
19,5,791,-1.1914256630378634e-4,-0.015259990313534177,0.008450771505342075,0.06813565848180685,3.0047484341292566e-4,0.0024226251177440605,-0.39651428036541286,-6.298948277950748,0.691832755601417,4.972183757712427e-10,,***
20,5,791,-5.976488103584014e-4,-0.01585763912389258,0.008193506428284491,0.06897051122865543,2.913275503290189e-4,0.0024523090641415703,-2.0514668443936386,-6.466411332799742,0.040550731729276306,1.7570206164961905e-10,**,***
21,5,791,-2.0816258023589169e-4,-0.016065801704128472,0.007917554833397098,0.06958670899581867,2.8151584116010796e-4,0.0024742185344760513,-0.7394346953196936,-6.493283224689212,0.4598627351909881,1.483673137753765e-10,,***
22,5,791,2.8531068559455703e-4,-0.015780491018533915,0.00809933512304327,0.07029845535147441,2.879792041835268e-4,0.0024995253215108434,0.990733641352557,-6.3133951405602735,0.3221190049215676,4.5496151499890856e-10,,***
23,5,791,1.3042464821259978e-4,-0.015650066370321312,0.008415478430283221,0.07127397379704219,2.992199661280333e-4,0.0025342107643716643,0.43588217023189,-6.175518859893097,0.6630412993883243,1.0543800967079341e-9,,***
24,5,791,4.538462493591558e-5,-0.015604681745385398,0.008306727918057097,0.07271411440879749,2.953532430588361e-4,0.0025854162696366243,0.15366218588253217,-6.035655429513719,0.8779153445177121,2.4331933942086982e-9,,***
25,5,791,-1.5088961550804544e-4,-0.015755571360893443,0.007937310082354317,0.07365016903723676,2.8221825694939437e-4,0.002618698540696543,-0.534655755935386,-6.016565525217976,0.5930383596402391,2.7238911686601298e-9,,***
26,5,791,1.718683206264883e-5,-0.015738384528830796,0.007939062788515028,0.07423808788688994,2.822805760061639e-4,0.0026396025284777034,0.060885634802847845,-5.962406975684838,0.9514656892807218,3.745509729808945e-9,,***
27,5,791,1.809087983747864e-4,-0.015557475730456008,0.007978858005029543,0.07515846930324628,2.8369553101272445e-4,0.002672327524270693,0.6376864581863018,-5.821694979062048,0.5238625782209585,8.46892759344755e-9,,***
28,5,791,-8.888800753933001e-5,-0.01564636373799534,0.007835574341812306,0.07607309557473504,2.7860095044790684e-4,0.0027048478906695726,-0.3190513434947897,-5.78456326212198,0.7497719194579507,1.0473814121282881e-8,,***
29,5,791,-4.5101445658792807e-4,-0.016097378194583265,0.008352998832569564,0.07711437730972083,2.9699844737940233e-4,0.0027418716069149843,-1.5185751325217438,-5.8709452893365865,0.1292695488393626,6.377456293038618e-9,,***
30,5,791,2.788285527441067e-4,-0.01581854964183916,0.007987980355681917,0.07771472220968216,2.840198844616488e-4,0.002763217414181883,0.9817219427175595,-5.724685129969269,0.3265374019831485,1.4717372296483983e-8,,***
